Név;Irányítószám;Életkor;Email;SSN
Gipsz Jakab;1011;30;joskapista@gmail.com;345664622
Kovács Dániel;1011;13;danismith94@freemail.hu;048936075
Nagy Péter;1011;76;peter.nagy12@gmail.com;675590499
Wass Gábor;1011;87;wssgbr@yahoo.com;263404546
Horváth Júlia;1011;55;jolly9@facebook.com;380034909
Bodrogi Barbara;1239;29;barbie@google.com.au;420205036
Máté Péter;1239;45;mateepete@nincsilyen.com;108963951
Olajos Krisztina;1239;86;krisztiee17@mailbox.hu;377451504
Pusztai Pál;1239;52;palpusztai@cheese.net;785345684
Braun Lilla;1239;31;barnalilla@freemail.hu;321030782
Faragó Gergely;1239;53;farageri@citromail.hu;560281837
Majoros Imre;1239;72;mayority67@gmail.com;343202516
Márkus Róza;1239;62;mrozanski18@creativecommons.org;952828611
Schneider Rebeka;1239;50;rebikesch77@freemail.hu;419914237
Répássy Endre;1239;28;rendre@gmail.com;320045158
Lázár Ottó;1239;41;lotto59@freemail.hu;933457085
Boros Károly;1239;15;boroskarcsi80@freewebs.com;138572950
Csapó Miklós;1239;47;csa.miki77@citromail.hu;736318859
Rivalee Ventham;8676;63;rventham0@ox.ac.uk;259193175
Katherine Tollerton;3163;46;ktollerton2@yellowbook.com;886097437
Paulina Laurisch;5932;22;plaurisch3@goodreads.com;228031581
Betta Garstan;5900;70;bgarstan4@w3.org;769517973
Hernando Ashpole;4900;43;hashpole6@shareasale.com;034274398
Tamas Braffington;1021;35;tbraffington7@google.es;011658852
Ed Tibb;9400;17;etibb8@tripadvisor.com;414421370
Reilly Rammell;4461;43;rrammella@jiathis.com;025102880
Cristal Tampin;9900;61;ctampinb@vk.com;078449147
Cherie O'Dea;7063;56;codeac@intel.com;350683805
Arielle Grout;5520;29;agroutd@surveymonkey.com;151391532
Ula Denslow;7823;78;udenslowf@goo.gl;112130480
Sari Bodesson;7090;97;sbodessoni@yellowbook.com;495203809
Vivianne Rampling;4841;11;vramplingj@pbs.org;119184460
Katleen Langrish;3296;90;klangrishm@github.io;578390903
Scottie Matevosian;1153;98;smatevosiano@squarespace.com;422246464
Crista Archley;1146;45;carchleyp@cmu.edu;606492380
Pennie Wilcher;3735;93;pwilcherq@bloomberg.com;637034416
Amye Affuso;9400;60;aaffusor@amazon.com;351357428
Raine Regelous;9811;92;rregelousv@mapy.cz;761275532
Irwinn Selwyne;7900;36;iselwynew@technorati.com;620726119
Malinda Portchmouth;8868;30;mportchmouthx@rediff.com;966386918
Thaddus Pavlenkov;3985;10;tpavlenkovy@kickstarter.com;216404069
Niel Andreas;6120;79;nandreasz@whitehouse.gov;526839517
Tommie Tiller;3959;45;ttiller10@51.la;249805930
Graham Hannaby;9985;44;ghannaby12@ucoz.ru;205387799
Richie Chadburn;8966;48;rchadburn13@vimeo.com;876415746
Luz Dawes;8966;10;ldawes14@samsung.com;928743708
Michaela Harken;7047;57;mharken15@twitter.com;289927045
Ilsa Carine;5661;74;icarine16@liveinternet.ru;047236073
Chick Honig;9083;38;chonig17@slate.com;985649823
Henrie Dryden;7121;54;hdryden1a@furl.net;618248056
